Workbook

Sheet Runes estimées Coeff 100%
A1: Nom | B1: Carac | C1: Valeur Moyenne | D1: Niveau | E1: Runes estimée (calcul) | F1: Runes estimées
A2: Pendentif du Hibou Chétif | B2: in | C2: 8 | D2: 2 | E2: =IF(OR(B2="vi",B2="ii",B2="pod"),(((D2/100)*(C2*VLOOKUP(B2,'Poids des runes'!A:B,2,FALSE)))+1),(((D2/100)*(C2*VLOOKUP(B2,'Poids des runes'!A:B,2,FALSE)))+1)/VLOOKUP(B2,'Poids des runes'!A:B,2,FALSE)) -> 1.16 | F2: =E2 -> 1.16
A3: Anneau Rexik | B3: ag | C3: 6.5 | D3: 2 | E3: =IF(OR(B3="vi",B3="ii",B3="pod"),(((D3/100)*(C3*VLOOKUP(B3,'Poids des runes'!A:B,2,FALSE)))+1),(((D3/100)*(C3*VLOOKUP(B3,'Poids des runes'!A:B,2,FALSE)))+1)/VLOOKUP(B3,'Poids des runes'!A:B,2,FALSE)) -> 1.13 | F3: =E3 -> 1.13
A4: Anneau Vitalesque | B4: vi | C4: 5 | D4: 2 | E4: =IF(OR(B4="vi",B4="ii",B4="pod"),(((D4/100)*(C4*VLOOKUP(B4,'Poids des runes'!A:B,2,FALSE)))+1),(((D4/100)*(C4*VLOOKUP(B4,'Poids des runes'!A:B,2,FALSE)))+1)/VLOOKUP(B4,'Poids des runes'!A:B,2,FALSE)) -> 1.02 | F4: =E4 -> 1.02
A5: Bottes du Boufton | B5: ag | C5: 4 | D5: 2 | E5: =IF(OR(B5="vi",B5="ii",B5="pod"),(((D5/100)*(C5*VLOOKUP(B5,'Poids des runes'!A:B,2,FALSE)))+1),(((D5/100)*(C5*VLOOKUP(B5,'Poids des runes'!A:B,2,FALSE)))+1)/VLOOKUP(B5,'Poids des runes'!A:B,2,FALSE)) -> 1.08 | F5: =E5 -> 1.08
A6: Le Floude | B6: ag | C6: 5 | D6: 2 | E6: =IF(OR(B6="vi",B6="ii",B6="pod"),(((D6/100)*(C6*VLOOKUP(B6,'Poids des runes'!A:B,2,FALSE)))+1),(((D6/100)*(C6*VLOOKUP(B6,'Poids des runes'!A:B,2,FALSE)))+1)/VLOOKUP(B6,'Poids des runes'!A:B,2,FALSE)) -> 1.1 | F6: =E6 -> 1.1
A7: Le Floude | B7: sa | C7: 3.5 | D7: 2 | E7: =IF(OR(B7="vi",B7="ii",B7="pod"),(((D7/100)*(C7*VLOOKUP(B7,'Poids des runes'!A:B,2,FALSE)))+1),(((D7/100)*(C7*VLOOKUP(B7,'Poids des runes'!A:B,2,FALSE)))+1)/VLOOKUP(B7,'Poids des runes'!A:B,2,FALSE)) -> 1.07 | F7: =E7 -> 1.07
A8: Amulette du Loup | B8: vi | C8: 4 | D8: 2 | E8: =IF(OR(B8="vi",B8="ii",B8="pod"),(((D8/100)*(C8*VLOOKUP(B8,'Poids des runes'!A:B,2,FALSE)))+1),(((D8/100)*(C8*VLOOKUP(B8,'Poids des runes'!A:B,2,FALSE)))+1)/VLOOKUP(B8,'Poids des runes'!A:B,2,FALSE)) -> 1.016 | F8: =E8 -> 1.016
A9: Anneau Forcesque | B9: fo | C9: 4 | D9: 3 | E9: =IF(OR(B9="vi",B9="ii",B9="pod"),(((D9/100)*(C9*VLOOKUP(B9,'Poids des runes'!A:B,2,FALSE)))+1),(((D9/100)*(C9*VLOOKUP(B9,'Poids des runes'!A:B,2,FALSE)))+1)/VLOOKUP(B9,'Poids des runes'!A:B,2,FALSE)) -> 1.12 | F9: =E9 -> 1.12
A10: Anneau Agilesque | B10: ag | C10: 4 | D10: 3 | E10: =IF(OR(B10="vi",B10="ii",B10="pod"),(((D10/100)*(C10*VLOOKUP(B10,'Poids des runes'!A:B,2,FALSE)))+1),(((D10/100)*(C10*VLOOKUP(B10,'Poids des runes'!A:B,2,FALSE)))+1)/VLOOKUP(B10,'Poids des runes'!A:B,2,FALSE)) -> 1.12 | F10: =E10 -> 1.12
A11: Le S'Mesme | B11: vi | C11: 8.5 | D11: 3 | E11: =IF(OR(B11="vi",B11="ii",B11="pod"),(((D11/100)*(C11*VLOOKUP(B11,'Poids des runes'!A:B,2,FALSE)))+1),(((D11/100)*(C11*VLOOKUP(B11,'Poids des runes'!A:B,2,FALSE)))+1)/VLOOKUP(B11,'Poids des runes'!A:B,2,FALSE)) -> 1.051 | F11: =E11 -> 1.051
A12: Le S'Mesme | B12: ch | C12: 5 | D12: 3 | E12: =IF(OR(B12="vi",B12="ii",B12="pod"),(((D12/100)*(C12*VLOOKUP(B12,'Poids des runes'!A:B,2,FALSE)))+1),(((D12/100)*(C12*VLOOKUP(B12,'Poids des runes'!A:B,2,FALSE)))+1)/VLOOKUP(B12,'Poids des runes'!A:B,2,FALSE)) -> 1.15 | F12: =E12 -> 1.15
A13: Camaïneux | B13: vi | C13: 8.5 | D13: 4 | E13: =IF(OR(B13="vi",B13="ii",B13="pod"),(((D13/100)*(C13*VLOOKUP(B13,'Poids des runes'!A:B,2,FALSE)))+1),(((D13/100)*(C13*VLOOKUP(B13,'Poids des runes'!A:B,2,FALSE)))+1)/VLOOKUP(B13,'Poids des runes'!A:B,2,FALSE)) -> 1.068 | F13: =E13 -> 1.068
... A13796: Arc de Wulan | B13796: rap | C13796: 10.5 | D13796: 200 | E13796: =IF(OR(B13796="vi",B13796="ii",B13796="pod"),(((D13796/100)*(C13796*VLOOKUP(B13796,'Poids des runes'!A:B,2,FALSE)))+1),(((D13796/100)*(C13796*VLOOKUP(B13796,'Poids des runes'!A:B,2,FALSE)))+1)/VLOOKUP(B13796,'Poids des runes'!A:B,2,FALSE)) -> 21.166667 | F13796: =E13796 -> 21.166667

Sheet Poids des runes
A1: Rune | B1: Poids
A2: ag | B2: 1
A3: cc | B3: 10
A4: ch | B4: 1
A5: chs | B5: 3
A6: daf | B6: 5
A7: dc | B7: 5
A8: def | B8: 5
A9: dff | B9: 5
A10: dmg | B10: 20
A11: dp | B11: 5
A12: dtf | B12: 5
A13: epa | B13: 7
... A43: vi | B43: 0.2
